geodata_id,geodata_name,geodata_tags,geodata_geom,osm_id,osm_name,osm_tags,osm_geom,tot_score,name_dist,tag_dist,spatial_dist (meters),status
1,ΑΒ ΒΑΣΙΛΟΠΟΥΛΟΣ,Αγαθά - υπηρεσίες|Καταστήματα τροφίμων|Σουπερμάρκετ,POINT (23.7888700937836681 38.0246737192812247),2124938895,"['AB Vassilopoulos', 'ΑΒ Βασιλόπουλος']","[('addr:postcode', '15123'), ('brand', 'ΑΒ Βασιλόπουλος'), ('brand:el', 'ΑΒ Βασιλόπουλος'), ('brand:en', 'AB Vassilopoulos'), ('brand:wikidata', 'Q4721807'), ('brand:wikipedia', 'el:Άλφα Βήτα Βασιλόπουλος'), ('name', 'ΑΒ Βασιλόπουλος'), ('name:el', 'ΑΒ Βασιλόπουλος'), ('name:en', 'AB Vassilopoulos'), ('shop', 'supermarket')]",POINT (23.7887708 38.02481150000001),0.958,93,100,22.3890891773662,True
3,ΦΑΡΜΑΚΕΙΟ ΣΠΑΝΟΥΔΗ ΣΟΦΙΑ & ΣΙΑ ΟΕ,Περίθαλψη|Φαρμακεία|_,POINT (23.7870951356719154 38.0255257977246828),2128359914,[],"[('amenity', 'pharmacy'), ('healthcare', 'pharmacy')]",POINT (23.7873373 38.02554849999999),0.89,0,89,27.147839469218066,True
7,BP,Αυτοκίνηση|Πρατήρια βενζίνης|_,POINT (23.7855699831274769 38.0266399744928307),428442167,['BP'],"[('addr:city', 'Μαρούσι'), ('addr:housenumber', '32'), ('addr:postcode', '15123'), ('addr:street', 'Καποδιστρίου'), ('amenity', 'fuel'), ('brand', 'BP'), ('brand:wikidata', 'Q152057'), ('brand:wikipedia', 'en:BP'), ('building', 'roof'), ('name', 'BP'), ('operator', 'Φουρτούνης')]",POINT (23.7857034 38.02661309999998),0.7559999999999999,100,39,15.329791300591873,True
13,ΦΑΡΜΑΚΕΙΟ ΑΣΗΜΑΚΟΠΟΥΛΟΣ ΠΑΝΑΓΙΩΤΗΣ,Περίθαλψη|Φαρμακεία|_,POINT (23.7882687911737669 38.0276552032946498),2128357088,[],"[('amenity', 'pharmacy'), ('healthcare', 'pharmacy')]",POINT (23.7886538 38.0285824),0.89,0,89,137.8633095510355,True
23,ALPHA BANK,Επιχειρήσεις|Τράπεζες|Καταστήματα,POINT (23.7890425578440983 38.0281957098014232),2124940029,['Alpha Bank'],"[('amenity', 'bank'), ('atm', 'yes'), ('brand', 'Alpha Bank'), ('brand:wikidata', 'Q747394'), ('brand:wikipedia', 'en:Alpha Bank'), ('name', 'Alpha Bank')]",POINT (23.78906689999999 38.028007),0.92,100,80,26.805901943223557,True
24,PARKING,Αυτοκίνηση|Χώροι στάθμευσης|_,POINT (23.7890910936606836 38.0282306412409170),4746030417,[],"[('amenity', 'parking')]",POINT (23.78885469999999 38.02844589999999),0.94,0,94,40.2231766061262,True
29,PARKING,Αυτοκίνηση|Χώροι στάθμευσης|_,POINT (23.7884473641053482 38.0291318639690559),4746030417,[],"[('amenity', 'parking')]",POINT (23.78885469999999 38.02844589999999),0.94,0,94,107.0225385506746,True
30,PARKING,Αυτοκίνηση|Χώροι στάθμευσης|_,POINT (23.7880611257701347 38.0293035255139742),4746029665,[],"[('amenity', 'parking')]",POINT (23.7877104 38.02974809999999),0.94,0,94,73.97148020785338,True
32,PARKING,Αυτοκίνηση|Χώροι στάθμευσης|_,POINT (23.7876319725322993 38.0295181020150892),4746029665,[],"[('amenity', 'parking')]",POINT (23.7877104 38.02974809999999),0.94,0,94,33.65621560283651,True
36,SUZUKI,Αυτοκίνηση|Εμπόριο και υπηρεσίες αυτοκινήτων|_,POINT (23.7923699926185037 38.0304499868283514),5803153753,"['Nissan Renault Suzuki Σφακιανάκης', 'Nissan Renault Suzuki']","[('name', 'Nissan Renault Suzuki'), ('name:el', 'Nissan Renault Suzuki Σφακιανάκης'), ('phone', '2106801625'), ('shop', 'car_repair')]",POINT (23.7921983 38.03035570000001),0.9440000000000001,100,86,23.299243115798106,True
37,ΦΑΡΜΑΚΕΙΟ ΣΤΡΑΤΗΓΕΑ ΜΑΡΙΑ - ΦΙΛΙΑ,Περίθαλψη|Φαρμακεία|_,POINT (23.8114892507055274 38.0315055116484899),1493090974,[],"[('amenity', 'pharmacy')]",POINT (23.81172669999999 38.03321089999999),0.89,0,89,242.4656707233796,True
45,ΑΣΤΥΝΟΜΙΚΟ ΤΜΗΜΑ ΑΜΑΡΟΥΣΙΟΥ,Δημόσιος τομέας|Αστυνομία|Αστυνομικά τμήματα,POINT (23.7887924213951827 38.0317825329143488),429331038,['Αστυνομικό Τμήμα Αμαρουσίου'],"[('addr:city', 'Μαρούσι'), ('addr:postcode', '15123'), ('addr:street', 'Αγίου Όρους'), ('amenity', 'police'), ('building', 'yes'), ('name', 'Αστυνομικό Τμήμα Αμαρουσίου')]",POINT (23.7891426 38.03182959999999),0.934,89,100,39.545174682866566,True
46,ΦΑΡΜΑΚΕΙΟ ΚΩΝΣΤΑΝΤΟΠΟΥΛΟΣ ΕΛΕΥΘΕΡΙΟΣ Β.,Περίθαλψη|Φαρμακεία|_,POINT (23.7810671571268308 38.0317890508383343),2127332401,[],"[('amenity', 'pharmacy')]",POINT (23.7812344 38.03168639999998),0.89,0,89,23.6023719233606,True
50,ΦΑΡΜΑΚΕΙΟ ΖΑΦΕΙΡΑΤΟΥ ΕΛΕΝΗ,Περίθαλψη|Φαρμακεία|_,POINT (23.8149760020066203 38.0330930611534299),1493090974,[],"[('amenity', 'pharmacy')]",POINT (23.81172669999999 38.03321089999999),0.89,0,89,362.09384588301936,True
51,ΠΡΟΜΗΘΕΥΤΙΚΗ,Αγαθά - υπηρεσίες|Καταστήματα τροφίμων|Σουπερμάρκετ,POINT (23.8104676452706023 38.0320875631085258),4082913304,['ΠΡΟΜΗΘΕΥΤΙΚΗ'],"[('name', 'ΠΡΟΜΗΘΕΥΤΙΚΗ'), ('shop', 'supermarket')]",POINT (23.810251 38.0319672),1.0,100,100,29.512472207882038,True
57,ΦΑΡΜΑΚΕΙΟ ΚΑΡΑΓΕΩΡΓΟΥ ΚΑΤΕΡΙΝΑ,Περίθαλψη|Φαρμακεία|_,POINT (23.7843378038102600 38.0326620552348942),2127334892,[],"[('amenity', 'pharmacy')]",POINT (23.7843287 38.03261849999997),0.89,0,89,6.238499965514985,True
61,PUBLIC,Αγαθά - υπηρεσίες|Εμπορικά κέντρα|Πολυκαταστήματα,POINT (23.7933558001509340 38.0330921117709337),82629270,[],"[('addr:city', 'Μαρούσι'), ('addr:housenumber', '37A'), ('addr:postcode', '15123'), ('addr:street', 'Λεωφόρος Κηφισίας'), ('building', 'commercial'), ('building:levels', '4'), ('shop', 'mall')]",POINT (23.7923471 38.03413309999999),0.87,0,87,185.0786778873563,True
62,ARGENTOVIVO,Αγαθά - υπηρεσίες|Εμπορικά κέντρα|Αλυσίδες καταστημάτων,POINT (23.7934401000220426 38.0331196028961358),82629270,[],"[('addr:city', 'Μαρούσι'), ('addr:housenumber', '37A'), ('addr:postcode', '15123'), ('addr:street', 'Λεωφόρος Κηφισίας'), ('building', 'commercial'), ('building:levels', '4'), ('shop', 'mall')]",POINT (23.7923471 38.03413309999999),0.87,0,87,187.94013629318692,True
63,ANNE KLEIN,Αγαθά - υπηρεσίες|Εμπορικά κέντρα|Αλυσίδες καταστημάτων,POINT (23.7932596274082897 38.0331832116245181),82629270,[],"[('addr:city', 'Μαρούσι'), ('addr:housenumber', '37A'), ('addr:postcode', '15123'), ('addr:street', 'Λεωφόρος Κηφισίας'), ('building', 'commercial'), ('building:levels', '4'), ('shop', 'mall')]",POINT (23.7923471 38.03413309999999),0.87,0,87,168.3499820576745,True
66,ATTICA GOLDEN,Αγαθά - υπηρεσίες|Εμπορικά κέντρα|Αλυσίδες καταστημάτων,POINT (23.7930728809658874 38.0332664776438065),82629270,[],"[('addr:city', 'Μαρούσι'), ('addr:housenumber', '37A'), ('addr:postcode', '15123'), ('addr:street', 'Λεωφόρος Κηφισίας'), ('building', 'commercial'), ('building:levels', '4'), ('shop', 'mall')]",POINT (23.7923471 38.03413309999999),0.87,0,87,146.72828865216792,True
70,FURLA,Αγαθά - υπηρεσίες|Εμπορικά κέντρα|Αλυσίδες καταστημάτων,POINT (23.7928861352385930 38.0333497442673476),82629270,[],"[('addr:city', 'Μαρούσι'), ('addr:housenumber', '37A'), ('addr:postcode', '15123'), ('addr:street', 'Λεωφόρος Κηφισίας'), ('building', 'commercial'), ('building:levels', '4'), ('shop', 'mall')]",POINT (23.7923471 38.03413309999999),0.87,0,87,125.92835531395184,True
71,GOLDEN HALL,Αγαθά - υπηρεσίες|Εμπορικά κέντρα|_,POINT (23.7937875912945174 38.0333562460764725),169470790,['Golden Hall'],"[('landuse', 'retail'), ('name', 'Golden Hall'), ('shop', 'mall')]",POINT (23.7927178 38.03414329999998),0.948,100,87,162.95841174756347,True
72,GAP KIDS / BABYS,Αγαθά - υπηρεσίες|Εμπορικά κέντρα|Αλυσίδες καταστημάτων,POINT (23.7927056327291560 38.0334231868444022),82629270,[],"[('addr:city', 'Μαρούσι'), ('addr:housenumber', '37A'), ('addr:postcode', '15123'), ('addr:street', 'Λεωφόρος Κηφισίας'), ('building', 'commercial'), ('building:levels', '4'), ('shop', 'mall')]",POINT (23.7923471 38.03413309999999),0.87,0,87,107.98001346128972,True
75,GUESS,Αγαθά - υπηρεσίες|Εμπορικά κέντρα|Αλυσίδες καταστημάτων,POINT (23.7925313480686924 38.0334966401144641),82629270,[],"[('addr:city', 'Μαρούσι'), ('addr:housenumber', '37A'), ('addr:postcode', '15123'), ('addr:street', 'Λεωφόρος Κηφισίας'), ('building', 'commercial'), ('building:levels', '4'), ('shop', 'mall')]",POINT (23.7923471 38.03413309999999),0.87,0,87,92.26064155309919,True
94,ΦΑΡΜΑΚΕΙΟ,Περίθαλψη|Φαρμακεία|_,POINT (23.8120101105701636 38.0339470133823454),1493090974,[],"[('amenity', 'pharmacy')]",POINT (23.81172669999999 38.03321089999999),0.89,0,89,108.71426743605946,True
100,ΕΛΛΗΝΙΚΟΣ ΙΠΠΙΚΟΣ ΟΜΙΛΟΣ,Αθλητισμός και αναψυχή|Δημόσιοι χώροι|Πλατείες,POINT (23.8001077746963574 38.0340346315350999),223239839,['Ελληνικός Ιππικός Όμιλος'],"[('addr:city', 'Αθήνα'), ('addr:housenumber', '18'), ('addr:postcode', '15125'), ('addr:street', 'Παραδείσου'), ('leisure', 'sports_centre'), ('name', 'Ελληνικός Ιππικός Όμιλος'), ('name:el', 'Ελληνικός Ιππικός Όμιλος'), ('sport', 'equestrian'), ('website', 'http://www.eio.org.gr/')]",POINT (23.8001924 38.03421029999999),0.7440000000000001,88,54,26.55476344587689,True
111,PARKING,Αυτοκίνηση|Χώροι στάθμευσης|_,POINT (23.7990045381790480 38.0341958741559765),3520873310,[],"[('amenity', 'parking'), ('parking', 'underground')]",POINT (23.7962892 38.0351145),0.94,0,94,328.9736208577848,True
117,ΕΘΝΙΚΗ ΤΡΑΠΕΖΑ,Επιχειρήσεις|Τράπεζες|Καταστήματα,POINT (23.7962625340728735 38.0342504959770480),4656636048,"['National Bank of Greece', 'Εθνική Τράπεζα']","[('amenity', 'bank'), ('atm', 'yes'), ('brand', 'Εθνική Τράπεζα'), ('brand:el', 'Εθνική Τράπεζα'), ('brand:en', 'National Bank of Greece'), ('brand:wikidata', 'Q1816028'), ('brand:wikipedia', 'en:National Bank of Greece'), ('level', '0'), ('name', 'Εθνική Τράπεζα'), ('name:el', 'Εθνική Τράπεζα'), ('name:en', 'National Bank of Greece')]",POINT (23.7965867 38.03438559999999),0.8360000000000001,86,80,40.826491004852414,True
156,ΦΑΡΜΑΚΕΙΟ ΚΑΡΑΚΟΥΤΣΗ ΓΕΩΡΓΙΑ,Περίθαλψη|Φαρμακεία|_,POINT (23.8133627366504896 38.0348441031335227),1493090974,[],"[('amenity', 'pharmacy')]",POINT (23.81172669999999 38.03321089999999),0.89,0,89,294.02110051133826,True
161,AVENUE,Αγαθά - υπηρεσίες|Εμπορικά κέντρα|_,POINT (23.7960298728523192 38.0349986370508688),82629273,[],"[('addr:city', 'Μαρούσι'), ('addr:housenumber', '41-47'), ('addr:postcode', '15123'), ('addr:street', 'Λεωφόρος Κηφισίας'), ('building', 'yes'), ('building:levels', '2'), ('shop', 'mall')]",POINT (23.7956475 38.03583719999998),0.87,0,87,125.92998868664093,True
170,PARKING,Αυτοκίνηση|Χώροι στάθμευσης|_,POINT (23.7942356191549322 38.0353245883312283),169593389,[],"[('access', 'customers'), ('amenity', 'parking')]",POINT (23.7943967 38.03558109999999),0.94,0,94,40.44615048635549,True
179,ΣΚΛΑΒΕΝΙΤΗΣ (CARREFOUR),Αγαθά - υπηρεσίες|Καταστήματα τροφίμων|Σουπερμάρκετ,POINT (23.7957720874871939 38.0354548133927963),2027828083,"['Σκλαβενίτης', 'Sklavenitis']","[('brand', 'Σκλαβενίτης'), ('brand:el', 'Σκλαβενίτης'), ('brand:en', 'Sklavenitis'), ('brand:wikidata', 'Q7536037'), ('brand:wikipedia', 'el:Σκλαβενίτης'), ('name', 'Σκλαβενίτης'), ('name:el', 'Σκλαβενίτης'), ('name:en', 'Sklavenitis'), ('shop', 'supermarket')]",POINT (23.7956844 38.03612879999999),0.772,62,100,95.7570397760234,True
185,SHELL,Αυτοκίνηση|Πρατήρια βενζίνης|_,POINT (23.8195121704875845 38.0361913177309532),439788128,['Shell'],"[('addr:street', 'Μεσογείων'), ('amenity', 'fuel'), ('brand', 'Shell'), ('building', 'roof'), ('name', 'Shell')]",POINT (23.8196369 38.0361769),0.7559999999999999,100,39,14.033559895326972,True
186,ΣΚΛΑΒΕΝΙΤΗΣ (CARREFOUR),Αγαθά - υπηρεσίες|Καταστήματα τροφίμων|Σουπερμάρκετ,POINT (23.7956053293254115 38.0361788361415663),2027828083,"['Σκλαβενίτης', 'Sklavenitis']","[('brand', 'Σκλαβενίτης'), ('brand:el', 'Σκλαβενίτης'), ('brand:en', 'Sklavenitis'), ('brand:wikidata', 'Q7536037'), ('brand:wikipedia', 'el:Σκλαβενίτης'), ('name', 'Σκλαβενίτης'), ('name:el', 'Σκλαβενίτης'), ('name:en', 'Sklavenitis'), ('shop', 'supermarket')]",POINT (23.7956844 38.03612879999999),0.772,62,100,11.291106877241216,True
190,MEDIA MARKT,Αγαθά - υπηρεσίες|Εμπορικά κέντρα|Πολυκαταστήματα,POINT (23.7975769415082503 38.0363981140515861),216883839,[],"[('addr:city', 'Μαρούσι'), ('addr:street', 'Λ. Κηφισίας'), ('building', 'yes'), ('shop', 'department_store')]",POINT (23.7972024 38.0366645),0.79,0,79,56.177444180531474,True
191,PARKING,Αυτοκίνηση|Χώροι στάθμευσης|_,POINT (23.7811517549102049 38.0363845567604244),7238550,[],"[('amenity', 'parking'), ('fee', 'no'), ('foot', 'yes'), ('motor_vehicle', 'yes'), ('parking', 'surface'), ('type', 'multipolygon')]",POINT (23.7817957 38.0367869),0.94,0,94,91.50018923992089,True
196,ΤΡΑΠΕΖΑ ΠΕΙΡΑΙΩΣ,Επιχειρήσεις|Τράπεζες|Καταστήματα,POINT (23.7991607070532609 38.0370727511513849),4656636023,"['Piraeus Bank', 'Τράπεζα Πειραιώς', 'Piraeus', 'Πειραιώς']","[('amenity', 'bank'), ('atm', 'yes'), ('brand', 'Τράπεζα Πειραιώς'), ('brand:el', 'Τράπεζα Πειραιώς'), ('brand:en', 'Piraeus Bank'), ('brand:wikidata', 'Q3312'), ('brand:wikipedia', 'en:Piraeus Bank'), ('level', '0'), ('name', 'Τράπεζα Πειραιώς'), ('name:el', 'Τράπεζα Πειραιώς'), ('name:en', 'Piraeus Bank'), ('short_name', 'Πειραιώς'), ('short_name:el', 'Πειραιώς'), ('short_name:en', 'Piraeus')]",POINT (23.7995227 38.03699189999998),0.8480000000000001,88,80,41.88581644227408,True
198,ACS COURIER,Αγαθά - υπηρεσίες|Εμπορικές υπηρεσίες|_,POINT (23.8033299924214283 38.0371799869471729),6033640695,['ACS'],"[('addr:city', 'Μαρούσι'), ('addr:street', 'Κοσμά Αιτωλού'), ('amenity', 'post_office'), ('name', 'ACS')]",POINT (23.8032054 38.0373796),0.7440000000000001,100,36,31.43782652329937,True
199,BMW,Αυτοκίνηση|Εμπόριο και υπηρεσίες αυτοκινήτων|_,POINT (23.7987347606749111 38.0371862832668555),430082086,['BMW Σφακιανάκης'],"[('addr:city', 'Μαρούσι'), ('addr:street', 'Κηφισίας'), ('building', 'yes'), ('name', 'BMW Σφακιανάκης'), ('shop', 'car')]",POINT (23.79842519999999 38.03718649999998),0.9440000000000001,100,86,34.460150316501654,True
201,OPEL,Αυτοκίνηση|Εμπόριο και υπηρεσίες αυτοκινήτων|_,POINT (23.7988565375184962 38.0372881594667831),430105975,['OPEL Σφακιανάκης'],"[('addr:city', 'Μαρούσι'), ('addr:street', 'Κηφισίας'), ('building', 'yes'), ('name', 'OPEL Σφακιανάκης'), ('shop', 'car')]",POINT (23.799146 38.03770459999999),0.9440000000000001,100,86,67.10226430910487,True
202,VOLVO,Αυτοκίνηση|Εμπόριο και υπηρεσίες αυτοκινήτων|_,POINT (23.7988565375184962 38.0372881594667831),442545024,['Volvo Σφακιανάκης'],"[('addr:city', 'Μαρούσι'), ('addr:housenumber', '55'), ('addr:street', 'Κηφισίας'), ('building', 'yes'), ('name', 'Volvo Σφακιανάκης'), ('shop', 'car')]",POINT (23.7986794 38.03741579999999),0.9440000000000001,100,86,26.726273546761984,True
204,ΠΕΡΙΠΤΕΡΟ,Αγαθά - υπηρεσίες|Περίπτερα|_,POINT (23.7995952027725757 38.0373901738265019),677461546,[],"[('building', 'yes'), ('shop', 'kiosk')]",POINT (23.7996892 38.0373452),0.89,0,89,12.243162545239075,True
206,ΓΗΠΕΔΟ,Αθλητισμός και αναψυχή|Αθλητικές εγκαταστάσεις|Γήπεδα,POINT (23.7950232036533116 38.0374819347340321),82629274,[],"[('leisure', 'pitch'), ('sport', 'soccer')]",POINT (23.7949786 38.037519),0.75,0,75,7.2179195329034505,True
210,PARKING,Αυτοκίνηση|Χώροι στάθμευσης|_,POINT (23.7911186117716014 38.0377453228024649),175861918,[],"[('addr:city', 'Μαρούσι'), ('amenity', 'parking'), ('parking', 'surface')]",POINT (23.790171 38.03836569999999),0.94,0,94,137.1719081918737,True
215,ΓΗΠΕΔΟ ΜΠΑΣΚΕΤ,Αθλητισμός και αναψυχή|Αθλητικές εγκαταστάσεις|Γήπεδα,POINT (23.7860436499369179 38.0380798185503579),51751306,[],"[('leisure', 'pitch'), ('sport', 'athletics')]",POINT (23.7875691 38.03976789999999),0.75,0,75,292.8553745482796,True
220,ΝΗΠΙΑΓΩΓΕΙΟ ΑΜΑΡΟΥΣΙΟΥ 13Ο,Εκπαίδευση|Πρωτοβάθμια|Νηπιαγωγεία,POINT (23.7967792230974915 38.0382468524299924),625506735,['13ο Νηπιαγωγείο Αμαρουσίου'],"[('amenity', 'kindergarten'), ('name', '13ο Νηπιαγωγείο Αμαρουσίου')]",POINT (23.7968176 38.03822319999999),0.916,92,91,5.424640389278164,True
225,PARKING,Αυτοκίνηση|Χώροι στάθμευσης|_,POINT (23.7795209717220324 38.0388307313728546),175860753,[],"[('amenity', 'parking')]",POINT (23.77989150000001 38.03872749999999),0.94,0,94,43.751679832216816,True
228,PARKING,Αυτοκίνηση|Χώροι στάθμευσης|_,POINT (23.7924806525364190 38.0392544905110768),225190159,[],"[('amenity', 'parking')]",POINT (23.7918946 38.0387178),0.94,0,94,100.0518727460747,True
232,ΠΑΝΑΓΙΑ ΒΛΑΧΕΡΝΩΝ,Διάφορα|Θρησκευτικοί χώροι|Εκκλησίες,POINT (23.8021033415376948 38.0395531511443963),82453621,"['Παναγία Βλαχερνών', 'Παναγιά των Βλαχερνών']","[('amenity', 'place_of_worship'), ('building', 'yes'), ('denomination', 'greek_orthodox'), ('name', 'Παναγία Βλαχερνών'), ('name:el', 'Παναγιά των Βλαχερνών'), ('religion', 'christian')]",POINT (23.8018464 38.03934999999999),0.7080000000000001,88,45,40.528960994386566,True
248,PARKING COSMOPOLIS,Αυτοκίνηση|Χώροι στάθμευσης|_,POINT (23.8005924062989322 38.0401611068789052),297263889,[],"[('amenity', 'parking'), ('parking', 'surface')]",POINT (23.7987996 38.03900079999999),0.94,0,94,258.31419539601336,True
250,PARKING,Αυτοκίνηση|Χώροι στάθμευσης|_,POINT (23.7771206734536911 38.0403221988047662),175860751,[],"[('amenity', 'parking'), ('parking', 'surface')]",POINT (23.7780476 38.04078179999998),0.94,0,94,121.93123590305484,True
252,PARKING,Αυτοκίνηση|Χώροι στάθμευσης|_,POINT (23.7790059880620639 38.0405044295948969),225006558,[],"[('amenity', 'parking'), ('parking', 'surface')]",POINT (23.7793927 38.0398733),0.94,0,94,99.05025653733699,True
255,OPEL SERVICE,Αυτοκίνηση|Εμπόριο και υπηρεσίες αυτοκινήτων|_,POINT (23.8194399925042255 38.0406999867267430),4879429222,['Opel'],"[('name', 'Opel'), ('name:el', 'Opel'), ('name:en', 'Opel'), ('shop', 'car_repair')]",POINT (23.8198381 38.0409047),0.9440000000000001,100,86,52.92688128396889,True
256,HUNDAI,Αυτοκίνηση|Εμπόριο και υπηρεσίες αυτοκινήτων|_,POINT (23.8020982009039450 38.0407773817209929),4656636056,['Hyundai'],"[('name', 'Hyundai'), ('shop', 'car')]",POINT (23.8022503 38.04164259999998),0.8960000000000001,92,86,123.46159390908414,True
257,HUNDAI,Αυτοκίνηση|Εμπόριο και υπηρεσίες αυτοκινήτων|_,POINT (23.8020982009039450 38.0407773817209929),4656636056,['Hyundai'],"[('name', 'Hyundai'), ('shop', 'car')]",POINT (23.8022503 38.04164259999998),0.8960000000000001,92,86,123.46159390908414,True
260,PARKING,Αυτοκίνηση|Χώροι στάθμευσης|_,POINT (23.8035608193142316 38.0409020379124669),264693376,[],"[('access', 'customers'), ('amenity', 'parking'), ('parking', 'surface')]",POINT (23.8038362 38.04125770000001),0.94,0,94,58.88078615211,True
261,ΠΕΡΙΠΤΕΡΟ,Αγαθά - υπηρεσίες|Περίπτερα|_,POINT (23.8028264310156388 38.0409178436636353),409783360,[],"[('addr:city', 'Μαρούσι'), ('addr:street', 'Κηφισίας'), ('building', 'yes'), ('shop', 'kiosk')]",POINT (23.80295689999999 38.0407633),0.89,0,89,26.23165441284416,True
262,FLOCAFE,Διασκέδαση|Καφετέριες|_,POINT (23.8029399922300229 38.0409399864802253),789382450,['Flocafe'],"[('amenity', 'cafe'), ('name', 'Flocafe')]",POINT (23.8034025 38.04066329999999),0.936,100,84,64.65508307110368,True
267,PARKING,Αυτοκίνηση|Χώροι στάθμευσης|_,POINT (23.8043260413749884 38.0411052452566025),264693375,[],"[('access', 'customers'), ('amenity', 'parking'), ('parking', 'surface')]",POINT (23.8041439 38.04103259999999),0.94,0,94,22.727631108068515,True
268,FLOCAFE,Διασκέδαση|Καφετέριες|_,POINT (23.8033257322665008 38.0411286362334451),789382450,['Flocafe'],"[('amenity', 'cafe'), ('name', 'Flocafe')]",POINT (23.8034025 38.04066329999999),0.936,100,84,66.32593968790678,True
269,PARKING ΟΛΥΜΠΙΑΚΟΥ ΚΕΝΤΡΟΥ,Αυτοκίνηση|Χώροι στάθμευσης|_,POINT (23.7887477710180413 38.0411052446453013),225190168,[],"[('amenity', 'parking'), ('parking', 'surface')]",POINT (23.7887525 38.04192490000001),0.94,0,94,115.85662375401141,True
276,ΝΗΠΙΑΓΩΓΕΙΟ ΑΜΑΡΟΥΣΙΟΥ 4Ο,Εκπαίδευση|Πρωτοβάθμια|Νηπιαγωγεία,POINT (23.8161242822675518 38.0413788864217324),624637792,['4ο Νηπιαγωγείο Αμαρουσίου'],"[('amenity', 'kindergarten'), ('name', '4ο Νηπιαγωγείο Αμαρουσίου')]",POINT (23.8156475 38.0406495),0.916,92,91,115.95542028494152,True
277,ΓΗΠΕΔΑ ΤΕΝΝΙΣ,Αθλητισμός και αναψυχή|Αθλητικές εγκαταστάσεις|Γήπεδα,POINT (23.7894502371620824 38.0414816903834136),225052215,[],"[('leisure', 'pitch'), ('sport', 'tennis')]",POINT (23.7895638 38.04141049999998),0.75,0,75,16.157598713605573,True
279,ΝΗΠΙΑΓΩΓΕΙΟ ΑΜΑΡΟΥΣΙΟΥ 16Ο,Εκπαίδευση|Πρωτοβάθμια|Νηπιαγωγεία,POINT (23.8235174088743733 38.0418099848068678),4375434711,['16ο Νηπιαγωγείο Αμαρουσίου'],"[('amenity', 'kindergarten'), ('name', '16ο Νηπιαγωγείο Αμαρουσίου')]",POINT (23.8237407 38.04178319999999),0.916,92,91,25.143323432768288,True
285,PARKING,Αυτοκίνηση|Χώροι στάθμευσης|_,POINT (23.8059139093160574 38.0425214511765049),6553153,[],"[('amenity', 'parking'), ('type', 'multipolygon')]",POINT (23.80520019999999 38.04253559999998),0.94,0,94,79.47492464342109,True
286,PARKING,Αυτοκίνηση|Χώροι στάθμευσης|_,POINT (23.7810659244101146 38.0426501973228994),174886468,[],"[('amenity', 'parking'), ('parking', 'surface'), ('source', 'Bing')]",POINT (23.7802991 38.04247760000001),0.94,0,94,88.7802918866181,True
291,ΙΑΤΡΙΚΟ ΚΕΝΤΡΟ ΑΘΗΝΩΝ,Περίθαλψη|Νοσοκομεία|Ιδιωτικά νοσοκομεία,POINT (23.8060873387904728 38.0428384562244091),223608299,"['Ιατρικό Κέντρο Αθηνών', 'Athens Medical Center']","[('amenity', 'hospital'), ('emergency', 'no'), ('name', 'Ιατρικό Κέντρο Αθηνών'), ('name:el', 'Ιατρικό Κέντρο Αθηνών'), ('name:en', 'Athens Medical Center'), ('operator', 'Athens Medical Group'), ('toilets:wheelchair', 'yes'), ('wheelchair', 'yes')]",POINT (23.8056418 38.04320450000001),0.8760000000000001,86,90,71.67226045722529,True
306,EFG EUROBANK,Επιχειρήσεις|Τράπεζες|Καταστήματα,POINT (23.8050939865667104 38.0437979919064304),4228651549,['Eurobank'],"[('addr:city', 'Μαρούσι'), ('addr:housenumber', '56'), ('addr:postcode', '15125'), ('addr:street', 'Κηφισίας'), ('amenity', 'bank'), ('atm', 'yes'), ('brand', 'Eurobank'), ('brand:wikidata', 'Q951850'), ('brand:wikipedia', 'el:Eurobank'), ('name', 'Eurobank'), ('opening_hours', 'Mo-Fr 08:30-14:00')]",POINT (23.80512179999999 38.04367229999998),0.92,100,80,18.034417705535024,True
307,ΦΑΡΜΑΚΕΙΟ ΚΑΝΑΤΙΔΟΥ ΟΛΓΑ ΚΑΙ ΣΙΑ Ο.Ε.,Περίθαλψη|Φαρμακεία|_,POINT (23.8050939865667104 38.0437979919064304),4405141089,[],"[('addr:city', 'Μαρούσι'), ('addr:housenumber', '56'), ('addr:street', 'Κηφισίας'), ('amenity', 'pharmacy'), ('healthcare', 'pharmacy')]",POINT (23.8050423 38.04358049999999),0.89,0,89,31.276428435128345,True
309,PROBANK,Επιχειρήσεις|Τράπεζες|Καταστήματα,POINT (23.8053967914704607 38.0438887942945030),4228651549,['Eurobank'],"[('addr:city', 'Μαρούσι'), ('addr:housenumber', '56'), ('addr:postcode', '15125'), ('addr:street', 'Κηφισίας'), ('amenity', 'bank'), ('atm', 'yes'), ('brand', 'Eurobank'), ('brand:wikidata', 'Q951850'), ('brand:wikipedia', 'el:Eurobank'), ('name', 'Eurobank'), ('opening_hours', 'Mo-Fr 08:30-14:00')]",POINT (23.80512179999999 38.04367229999998),0.8,80,80,43.28453194617828,True
314,ΠΕΡΙΠΤΕΡΟ,Αγαθά - υπηρεσίες|Περίπτερα|_,POINT (23.8051386856273943 38.0440897833693299),4416058544,[],"[('addr:city', 'Μαρούσι'), ('addr:street', 'Κηφισίας'), ('shop', 'kiosk')]",POINT (23.8053543 38.04414879999999),0.89,0,89,25.41043964765875,True
315,ΦΑΡΜΑΚΕΙΟ ΜΑΜΙΔΑΣ ΙΩΑΝΝΗΣ,Περίθαλψη|Φαρμακεία|_,POINT (23.8117436575044685 38.0441056858986428),6196738000,[],"[('addr:street', 'Σωρού'), ('amenity', 'pharmacy')]",POINT (23.81181239999999 38.04405440000001),0.89,0,89,10.540958212164762,True
327,ALPHA BANK,Επιχειρήσεις|Τράπεζες|Καταστήματα,POINT (23.8055587178114578 38.0443528857016346),1668111963,['Alpha Bank'],"[('amenity', 'bank'), ('atm', 'yes'), ('brand', 'Alpha Bank'), ('brand:wikidata', 'Q747394'), ('brand:wikipedia', 'en:Alpha Bank'), ('name', 'Alpha Bank')]",POINT (23.8057478 38.04420979999997),0.92,100,80,29.19090151267463,True
330,PARKING,Αυτοκίνηση|Χώροι στάθμευσης|_,POINT (23.8078880140735762 38.0444097262576406),440552806,[],"[('access', 'customers'), ('amenity', 'parking'), ('parking', 'surface')]",POINT (23.8087624 38.04424149999998),0.94,0,94,100.19870779087059,True
332,ΦΑΡΜΑΚΕΙΟ ΓΕΩΡΓΑΝΤΗΣ ΓΕΩΡΓΙΟΣ,Περίθαλψη|Φαρμακεία|_,POINT (23.8289539874735183 38.0445164113824248),6211112559,[],"[('addr:street', 'Σισμανογλείου'), ('amenity', 'pharmacy')]",POINT (23.8288803 38.04459210000001),0.89,0,89,13.48148297590427,True
335,THE MALL ATHENS,Αγαθά - υπηρεσίες|Εμπορικά κέντρα|_,POINT (23.7902899210688403 38.0445012788535877),44000881,['The Mall Athens'],"[('addr:city', 'Μαρούσι'), ('addr:housenumber', '35'), ('addr:street', 'Ανδρέα Παπανδρέου'), ('building', 'yes'), ('building:levels', '5'), ('contact:email', 'info@themallathens.gr'), ('layer', '1'), ('name', 'The Mall Athens'), ('name:en', 'The Mall Athens'), ('phone', '210-6300000'), ('shop', 'mall'), ('website', 'https://themallathens.gr/gre/'), ('wikipedia', 'el:The Mall Athens')]",POINT (23.7903903 38.04459589999998),0.948,100,87,17.42841903552088,True
351,ΕΘΝΙΚΗ ΤΡΑΠΕΖΑ,Επιχειρήσεις|Τράπεζες|Καταστήματα,POINT (23.8062391508074427 38.0448325702134298),4497666891,"['National Bank of Greece', 'Εθνική Τράπεζα']","[('addr:street', 'Κηφισίας'), ('amenity', 'bank'), ('brand', 'Εθνική Τράπεζα'), ('brand:el', 'Εθνική Τράπεζα'), ('brand:en', 'National Bank of Greece'), ('brand:wikidata', 'Q1816028'), ('brand:wikipedia', 'en:National Bank of Greece'), ('name', 'Εθνική Τράπεζα'), ('name:el', 'Εθνική Τράπεζα'), ('name:en', 'National Bank of Greece')]",POINT (23.8063249 38.04484919999999),0.8360000000000001,86,80,9.830732087784556,True
354,VILLAGE WORLD,Πολιτισμός|Κινηματογράφοι|_,POINT (23.7902658133989782 38.0448345885165082),956779194,['Village Cinemas'],"[('addr:city', 'Μαρούσι'), ('amenity', 'cinema'), ('name', 'Village Cinemas'), ('wheelchair', 'yes')]",POINT (23.7902486 38.04492449999999),0.792,70,93,12.852899719108555,True
356,ΠΕΡΙΠΤΕΡΟ,Αγαθά - υπηρεσίες|Περίπτερα|_,POINT (23.8094383403605399 38.0448809054503627),5118986553,[],"[('addr:city', 'Μαρούσι'), ('addr:street', 'Κηφισίας'), ('shop', 'kiosk')]",POINT (23.8073992 38.04596770000001),0.89,0,89,274.09338952210345,True
370,ΑΣΠΑΙΤΕ ΑΜΑΡΟΥΣΙΟΥ,Διάφορα|Σημεία γενικού ενδιαφέροντος|Γειτονιές,POINT (23.7864477173871762 38.0453552156119201),224969199,"['Higher School of Pedagogical & Technological Education', 'ΑΣΠΑΙΤΕ', 'ASPETE', 'Ανωτάτη Σχολή Παιδαγωγικής και Τεχνολογικής Εκπαίδευσης']","[('amenity', 'college'), ('name', 'Ανωτάτη Σχολή Παιδαγωγικής και Τεχνολογικής Εκπαίδευσης'), ('name:el', 'Ανωτάτη Σχολή Παιδαγωγικής και Τεχνολογικής Εκπαίδευσης'), ('name:en', 'Higher School of Pedagogical & Technological Education'), ('note', 'area estimated'), ('short_name', 'ΑΣΠΑΙΤΕ'), ('short_name:el', 'ΑΣΠΑΙΤΕ'), ('short_name:en', 'ASPETE')]",POINT (23.7854216 38.04431019999998),0.752,100,38,186.72920384831247,True
371,WIND ΕΛΛΑΣ ΤΗΛΕΠΙΚΟΙΝΩΝΙΕΣ Α.Ε.Β.Ε.,Αγαθά - υπηρεσίες|Καταστήματα|Είδη τηλεπικοινωνίας,POINT (23.8068224882866701 38.0454073039890162),4665653142,['Wind'],"[('addr:city', 'Μαρούσι'), ('addr:housenumber', '66'), ('addr:street', 'Κηφισίας'), ('name', 'Wind'), ('shop', 'mobile_phone')]",POINT (23.8070962 38.04547419999999),0.8320000000000001,100,58,31.9030359578862,True
372,WIND,Αγαθά - υπηρεσίες|Καταστήματα|Είδη τηλεπικοινωνίας,POINT (23.8069351987953226 38.0455143346449276),4665653142,['Wind'],"[('addr:city', 'Μαρούσι'), ('addr:housenumber', '66'), ('addr:street', 'Κηφισίας'), ('name', 'Wind'), ('shop', 'mobile_phone')]",POINT (23.8070962 38.04547419999999),0.8320000000000001,100,58,18.799037083031887,True
374,AMBIENTE,Αγαθά - υπηρεσίες|Καταστήματα|Έπιπλα - είδη υγιεινής,POINT (23.8066507483530003 38.0456955169056457),4499153290,[],"[('addr:street', 'Κηφισίας'), ('shop', 'furniture')]",POINT (23.8069836 38.04627899999999),0.9,0,90,90.41898072691723,True
375,ΣΙΣΜΑΝΟΓΛΕΙΟ ΓΕΝΙΚΟ ΝΟΣΟΚΟΜΕΙΟ ΑΤΤΙΚΗΣ,Περίθαλψη|Νοσοκομεία|Δημόσια νοσοκομεία,POINT (23.8286918127791054 38.0457425151831714),84752649,"['Sismanogleio Hospital', 'Σισμανόγλειο Γενικό Νοσοκομείο']","[('amenity', 'hospital'), ('int_name', 'Sismanogleio Hospital'), ('name', 'Σισμανόγλειο Γενικό Νοσοκομείο')]",POINT (23.8287791 38.04597899999999),0.8340000000000001,79,90,34.811866929994004,True
378,ΠΕΡΙΠΤΕΡΟ,Αγαθά - υπηρεσίες|Περίπτερα|_,POINT (23.8073323620473758 38.0459573735796184),5118986553,[],"[('addr:city', 'Μαρούσι'), ('addr:street', 'Κηφισίας'), ('shop', 'kiosk')]",POINT (23.8073992 38.04596770000001),0.89,0,89,7.58220022063073,True
381,ΦΑΡΜΑΚΕΙΟ ΜΕΤΟΙΚΙΔΗΣ ΝΙΚΟΛΑΟΣ,Περίθαλψη|Φαρμακεία|_,POINT (23.8182186843624280 38.0460579653555229),6214463073,[],"[('addr:street', 'Μεσογείων'), ('amenity', 'pharmacy')]",POINT (23.8162857 38.04831439999998),0.89,0,89,384.7595171517783,True
388,PARKING,Αυτοκίνηση|Χώροι στάθμευσης|_,POINT (23.8081025911686588 38.0466413245701318),456433471,[],"[('amenity', 'parking')]",POINT (23.8084324 38.0467012),0.94,0,94,37.67710785784647,True
390,EFG EUROBANK,Επιχειρήσεις|Τράπεζες|Καταστήματα,POINT (23.8073566031416739 38.0467094884840975),4228650309,['Eurobank'],"[('addr:city', 'Μαρούσι'), ('addr:housenumber', '117'), ('addr:postcode', '15124'), ('addr:street', 'Κηφισίας'), ('amenity', 'bank'), ('atm', 'yes'), ('brand', 'Eurobank'), ('brand:wikidata', 'Q951850'), ('brand:wikipedia', 'el:Eurobank'), ('name', 'Eurobank')]",POINT (23.8072379 38.0467749),0.92,100,80,16.12774243627127,True
391,ΦΑΡΜΑΚΕΙΟ ΠΑΠΑΔΟΠΟΥΛΟΣ ΠΟΛΥΚΑΡΠΟΣ,Περίθαλψη|Φαρμακεία|_,POINT (23.8122785273476225 38.0467420219694716),6196738001,[],"[('addr:street', 'Βορειου Ηπειρου'), ('amenity', 'pharmacy')]",POINT (23.8091142 38.0475308),0.89,0,89,369.4768495039651,True
403,ΚΩΝΣΤΑΝΤΙΝΙΔΗΣ,Αγαθά - υπηρεσίες|Καταστήματα τροφίμων|Ζαχαροπλαστεία,POINT (23.8079336110455486 38.0470915429400733),4665646553,['Κωνσταντινίδης'],"[('addr:city', 'Μαρούσι'), ('addr:street', 'Κηφισίας'), ('name', 'Κωνσταντινίδης'), ('shop', 'confectionery')]",POINT (23.80802019999999 38.04699520000001),0.8740000000000001,93,79,16.684779751901548,True
411,ΜΙΜΗΣ ΦΩΤΟΠΟΥΛΟΣ,Πολιτισμός|Κινηματογράφοι|_,POINT (23.8043782642551953 38.0473542794184141),590358007,['Cine Μίμης Φωτόπουλος'],"[('addr:housenumber', '40'), ('addr:street', 'Αγίου Κωνσταντίνου'), ('amenity', 'cinema'), ('building', 'yes'), ('description', 'Θερινός κινηματογράφος'), ('name', 'Cine Μίμης Φωτόπουλος'), ('open_air', 'yes'), ('operator', 'Δήμος Αμαρουσίου'), ('outdoor_seating', 'park'), ('phone', '+30 2106198890'), ('screen', '1'), ('seasonal', 'yes')]",POINT (23.80453039999999 38.04702879999997),0.8280000000000001,76,93,49.02693509067992,True
413,ΦΑΡΜΑΚΕΙΟ,Περίθαλψη|Φαρμακεία|_,POINT (23.8076577212153424 38.0474332923406067),4688575266,[],"[('addr:city', 'Μαρούσι'), ('addr:street', 'Κηφισίας'), ('amenity', 'pharmacy')]",POINT (23.8080127 38.04712960000001),0.89,0,89,58.34756206286743,True
414,ΦΑΡΜΑΚΕΙΟ ΡΟΜΠΟΤΗ - ΜΑΥΡΟΚΕΦΑΛΟΥ ΣΟΦΙΑ,Περίθαλψη|Φαρμακεία|_,POINT (23.8090798197335722 38.0474662771918020),6196738001,[],"[('addr:street', 'Βορειου Ηπειρου'), ('amenity', 'pharmacy')]",POINT (23.8091142 38.0475308),0.89,0,89,9.891246563370789,True
418,ΠΕΡΙΠΤΕΡΟ,Αγαθά - υπηρεσίες|Περίπτερα|_,POINT (23.8043433623279981 38.0476071421640256),2627315607,[],"[('shop', 'kiosk')]",POINT (23.8041509 38.04768610000001),0.89,0,89,24.157775923337873,True
428,PARKING,Αυτοκίνηση|Χώροι στάθμευσης|_,POINT (23.8091325594413021 38.0477571228732003),456433471,[],"[('amenity', 'parking')]",POINT (23.8084324 38.0467012),0.94,0,94,168.38706668358066,True
429,SHELL,Αυτοκίνηση|Πρατήρια βενζίνης|_,POINT (23.8075630768499025 38.0477582082130539),4228649820,"['Shell', 'Shell Gaz Station']","[('addr:city', 'Μαρούσι'), ('addr:street', 'Κηφισίας'), ('amenity', 'fuel'), ('brand', 'SHELL'), ('name', 'Shell'), ('name:en', 'Shell Gaz Station')]",POINT (23.8075389 38.04775549999999),0.7559999999999999,100,39,2.7184458468898067,True
439,ΦΑΡΜΑΚΕΙΟ ΜΠΟΘΟΥ ΔΕΣΠΟΙΝΑ,Περίθαλψη|Φαρμακεία|_,POINT (23.8163978324548857 38.0482654683581814),6214463073,[],"[('addr:street', 'Μεσογείων'), ('amenity', 'pharmacy')]",POINT (23.8162857 38.04831439999998),0.89,0,89,14.27087223898628,True
440,ΦΑΡΜΑΚΕΙΟ ΓΙΟΛΔΑΣΗΣ ΙΩΑΝΝΗΣ,Περίθαλψη|Φαρμακεία|_,POINT (23.8124294083447516 38.0483550447594681),6199168528,[],"[('addr:street', 'Δημητρίου Γούναρη'), ('amenity', 'pharmacy')]",POINT (23.8124357 38.0502307),0.89,0,89,265.14642165198103,True
447,MAROUSSI,Τουρισμός και αξιοθέατα|Καταλύματα|Ξενοδοχεία,POINT (23.7973509607120697 38.0484034234201047),1668113864,[],"[('tourism', 'hotel')]",POINT (23.7976621 38.0489138),0.9,0,90,80.03019061178472,True
459,BP,Αυτοκίνηση|Πρατήρια βενζίνης|_,POINT (23.8010599831605596 38.0489099739749790),652103473,['bp'],"[('addr:city', 'Μαρούσι'), ('addr:street', 'Αγίου Κωνσταντίνου'), ('amenity', 'fuel'), ('brand', 'bp'), ('building', 'roof'), ('name', 'bp')]",POINT (23.8012436 38.04878340000001),0.7559999999999999,100,39,27.165115954330172,True
464,PIZZA HUT,Φαγητό και ποτό|Εστιατόρια|Πιτσαρίες,POINT (23.8084722606400057 38.0490832439939410),4727341097,['Pizza Hut'],"[('addr:city', 'Μαρούσι'), ('addr:street', 'Κηφισίας'), ('amenity', 'restaurant'), ('cuisine', 'pizza'), ('name', 'Pizza Hut')]",POINT (23.8084597 38.04905199999998),0.96,100,90,4.6327308229232935,True
468,BAZAAR,Αγαθά - υπηρεσίες|Καταστήματα τροφίμων|Σουπερμάρκετ,POINT (23.8000046210850478 38.0492304726744450),1668102828,['Bazaar'],"[('addr:city', 'Μαρούσι'), ('addr:street', 'Αγίου Κωνσταντίνου'), ('name', 'Bazaar'), ('shop', 'supermarket')]",POINT (23.7998591 38.04919239999999),1.0,100,100,17.069984662744826,True
469,ΠΕΡΙΠΤΕΡΟ,Αγαθά - υπηρεσίες|Περίπτερα|_,POINT (23.8082153986403924 38.0493432022779601),4416045673,[],"[('addr:city', 'Μαρούσι'), ('addr:street', 'Κηφισίας'), ('shop', 'kiosk')]",POINT (23.8080023 38.04911250000001),0.89,0,89,40.3274513148604,True
470,ΚΡΗΣΣΑ ΓΗ,Φαγητό και ποτό|Εστιατόρια|Ελληνική κουζίνα,POINT (23.8000997905990843 38.0493558218465893),6477438239,['Κρήσσα Γη'],"[('addr:city', 'Μαρούσι'), ('addr:housenumber', '23'), ('addr:street', 'Αγίου Κωνσταντίνου'), ('amenity', 'restaurant'), ('cuisine', 'greek;mediterranean'), ('email', 'krissa_gi@hotmail.com'), ('facebook', 'https://el-gr.facebook.com/KrissaGi/'), ('name', 'Κρήσσα Γη'), ('outdoor_seating', 'yes'), ('phone', '2108056666'), ('takeaway', 'yes'), ('website', 'http://www.krissagi.com')]",POINT (23.7999171 38.04946829999999),0.8940000000000001,89,90,25.81488054950639,True
495,ΦΑΡΜΑΚΕΙΟ ΑΡΤΟΠΟΥΛΟΥ ΑΙΚΑΤΕΡΙΝΗ Δ.,Περίθαλψη|Φαρμακεία|_,POINT (23.7900282590672703 38.0503662583802367),6116506322,[],"[('addr:street', 'Βύρωνος'), ('amenity', 'pharmacy')]",POINT (23.7900165 38.05029509999999),0.89,0,89,10.144014219031028,True
499,ΦΑΡΜΑΚΕΙΟ ΜΕΣΗΜΕΡΗΣ ΠΕΡΙΚΛΗΣ,Περίθαλψη|Φαρμακεία|_,POINT (23.8107799470205279 38.0506074912691332),6199168528,[],"[('addr:street', 'Δημητρίου Γούναρη'), ('amenity', 'pharmacy')]",POINT (23.8124357 38.0502307),0.89,0,89,191.85955399660682,True
515,ΦΑΡΜΑΚΕΙΟ ΧΑΤΖΟΠΟΥΛΟΣ ΧΡΗΣΤΟΣ,Περίθαλψη|Φαρμακεία|_,POINT (23.8174175501253877 38.0511192123616553),6193655469,[],"[('addr:street', 'Πεντέλης'), ('amenity', 'pharmacy')]",POINT (23.8187612 38.05231879999999),0.89,0,89,226.1200539181707,True
526,ΦΑΡΜΑΚΕΙΟ,Περίθαλψη|Φαρμακεία|_,POINT (23.8177861204387114 38.0515196382035299),6193655469,[],"[('addr:street', 'Πεντέλης'), ('amenity', 'pharmacy')]",POINT (23.8187612 38.05231879999999),0.89,0,89,156.66971003200496,True
527,ΦΑΡΜΑΚΕΙΟ ΔΕΡΔΕΛΗΣ ΓΕΩΡΓΙΟΣ & ΣΙΑ ΟΕ,Περίθαλψη|Φαρμακεία|_,POINT (23.8058777823761503 38.0515676860282710),4401046916,[],"[('addr:city', 'Μαρούσι'), ('addr:housenumber', '13'), ('addr:street', 'Χατζηαντωνίου'), ('amenity', 'pharmacy')]",POINT (23.8063322 38.0537064),0.89,0,89,306.5482267777138,True
537,ΔΗΜΟΣ ΑΜΑΡΟΥΣΙΟΥ,Δημόσιος τομέας|Δημόσιες υπηρεσίες|Δημαρχεία,POINT (23.8087349540744704 38.0518012203392288),198878247,['Δημαρχείο Αμαρουσίου'],"[('addr:city', 'Μαρούσι'), ('addr:housenumber', '9'), ('addr:street', 'Βασιλίσσης Σοφίας'), ('amenity', 'townhall'), ('building', 'yes'), ('name', 'Δημαρχείο Αμαρουσίου')]",POINT (23.8083198 38.05250709999997),0.8240000000000001,78,89,109.97032828872685,True
551,ΦΑΡΜΑΚΕΙΟ ΠΕΤΡΙΤΣΗ ΓΕΩΡΓΙΑ,Περίθαλψη|Φαρμακεία|_,POINT (23.8191744360955404 38.0523154512000161),6193655469,[],"[('addr:street', 'Πεντέλης'), ('amenity', 'pharmacy')]",POINT (23.8187612 38.05231879999999),0.89,0,89,46.00366766897589,True
560,ΑΓΙΟΙ ΑΝΑΡΓΥΡΟΙ,Διάφορα|Θρησκευτικοί χώροι|Εκκλησίες,POINT (23.8013540882491057 38.0524814390290231),208617712,['Άγιοι Ανάργυροι'],"[('amenity', 'place_of_worship'), ('building', 'yes'), ('denomination', 'greek_orthodox'), ('name', 'Άγιοι Ανάργυροι'), ('religion', 'christian')]",POINT (23.8013737 38.05245219999998),0.7020000000000001,87,45,4.674576619325888,True
567,LA PIAZZA,Φαγητό και ποτό|Εστιατόρια|Πιτσαρίες,POINT (23.8093751821081412 38.0527676874476484),4416043335,['La Piazza'],"[('addr:city', 'Μαρούσι'), ('addr:street', 'Παπαφλέσσα'), ('amenity', 'restaurant'), ('cuisine', 'pizza'), ('name', 'La Piazza')]",POINT (23.80937269999999 38.0528304),0.96,100,90,8.869871741826906,True
572,ΦΑΡΜΑΚΕΙΟ ΓΕΩΡΓΙΑΔΟΥ ΜΑΡΙΑ,Περίθαλψη|Φαρμακεία|_,POINT (23.8150259003948968 38.0528310450138463),6193736043,[],"[('addr:street', 'Πεντέλης'), ('amenity', 'pharmacy')]",POINT (23.8162042 38.05279689999998),0.89,0,89,131.2565001796306,True
574,ΠΑΙΔΙΚΗ ΧΑΡΑ,Αθλητισμός και αναψυχή|Χώροι αναψυχής|Παιδικές χαρές,POINT (23.8140342346861438 38.0529029056780175),441141612,[],"[('leisure', 'playground')]",POINT (23.8149323 38.0514113),0.77,0,77,233.3624332414764,True
586,ΔΙΘΥΡΑΜΒΟΣ,Πολιτισμός|Θέατρα|_,POINT (23.8101440422629906 38.0531388153568599),6095537064,['Διθύραμβος'],"[('amenity', 'theatre'), ('contact:facebook', 'https://www.facebook.com/pages/category/Nonprofit-Organization/Theatro-Dithiramvos-162831130406304/'), ('name', 'Διθύραμβος')]",POINT (23.8101593 38.0531537),0.8720000000000001,90,83,2.704184961395782,True
595,ΠΕΡΙΠΤΕΡΟ,Αγαθά - υπηρεσίες|Περίπτερα|_,POINT (23.8108896409216158 38.0534457335561456),3908422527,[],"[('shop', 'kiosk')]",POINT (23.811094 38.05395050000001),0.89,0,89,74.89732621047011,True
601,PARKING,Αυτοκίνηση|Χώροι στάθμευσης|_,POINT (23.8069867919196021 38.0535936096795382),2600181772,[],"[('amenity', 'parking'), ('covered', 'no')]",POINT (23.8071166 38.05372199999999),0.94,0,94,23.200200456584373,True
608,ΦΑΡΜΑΚΕΙΟ ΠΡΙΝΟΥ ΣΤΥΛΙΑΝΗ,Περίθαλψη|Φαρμακεία|_,POINT (23.8066073461289527 38.0536498448792315),4401046916,[],"[('addr:city', 'Μαρούσι'), ('addr:housenumber', '13'), ('addr:street', 'Χατζηαντωνίου'), ('amenity', 'pharmacy')]",POINT (23.8063322 38.0537064),0.89,0,89,31.655435563971327,True
611,ΦΑΡΜΑΚΕΙΟ ΑΜΠΑΤΖΗΣ ΑΘΑΝ. Κ.,Περίθαλψη|Φαρμακεία|_,POINT (23.8069328843073578 38.0537139343327411),6116337658,[],"[('addr:street', 'Χατζηαντωνίου'), ('amenity', 'pharmacy')]",POINT (23.8069922 38.05372409999998),0.89,0,89,6.757575741063462,True
617,ΠΕΡΙΠΤΕΡΟ,Αγαθά - υπηρεσίες|Περίπτερα|_,POINT (23.8063009301199351 38.0538447793922714),1264607255,[],"[('shop', 'kiosk')]",POINT (23.8072389 38.0544148),0.89,0,89,131.89459165356666,True
618,ΦΑΡΜΑΚΕΙΟ,Περίθαλψη|Φαρμακεία|_,POINT (23.8057913983191050 38.0538956368377868),4437437361,[],"[('addr:city', 'Μαρούσι'), ('addr:housenumber', '19'), ('addr:street', 'Χατζηαντωνίου'), ('amenity', 'pharmacy')]",POINT (23.8057258 38.053895),0.89,0,89,7.302926443395233,True
622,PARKING,Αυτοκίνηση|Χώροι στάθμευσης|_,POINT (23.8092183902173105 38.0539798476544036),466612860,[],"[('addr:city', 'Μαρούσι'), ('addr:street', 'Γαρδέλη'), ('amenity', 'parking'), ('fee', 'yes'), ('parking', 'surface'), ('surface', 'asphalt')]",POINT (23.8092858 38.05413469999999),0.94,0,94,23.1419974806303,True
623,ΠΕΡΙΠΤΕΡΟ,Αγαθά - υπηρεσίες|Περίπτερα|_,POINT (23.8111870012636651 38.0539926164104969),3908422527,[],"[('shop', 'kiosk')]",POINT (23.811094 38.05395050000001),0.89,0,89,11.942861286817369,True
632,ΓΕΡΜΑΝΟΣ,Αγαθά - υπηρεσίες|Καταστήματα|Υπολογιστές - Ηλεκτρονικά,POINT (23.8112009022240692 38.0541458006704403),4562496529,['Γερμανός'],"[('addr:city', 'Μαρούσι'), ('addr:housenumber', '187'), ('addr:street', 'Κηφισίας'), ('name', 'Γερμανός'), ('shop', 'mobile_phone')]",POINT (23.8111364 38.0541165),0.76,88,58,8.28950082007128,True
635,ΠΕΡΙΠΤΕΡΟ,Αγαθά - υπηρεσίες|Περίπτερα|_,POINT (23.8070844700138302 38.0541521591182672),1264607255,[],"[('shop', 'kiosk')]",POINT (23.8072389 38.0544148),0.89,0,89,40.91648143033496,True
638,ΦΑΡΜΑΚΕΙΟ,Περίθαλψη|Φαρμακεία|_,POINT (23.8069578563186575 38.0541705436966282),4707680191,[],"[('addr:city', 'Μαρούσι'), ('addr:street', 'Πλαστήρα'), ('amenity', 'pharmacy'), ('healthcare', 'pharmacy')]",POINT (23.8066649 38.05451860000001),0.89,0,89,59.03113285196064,True
645,ΠΕΡΙΠΤΕΡΟ,Αγαθά - υπηρεσίες|Περίπτερα|_,POINT (23.8072440387868092 38.0543047454994081),1264607255,[],"[('shop', 'kiosk')]",POINT (23.8072389 38.0544148),0.89,0,89,15.569062435875018,True
650,FILLO,Αγαθά - υπηρεσίες|Καταστήματα|Ανθοπωλεία,POINT (23.8076453134144863 38.0543832729992388),4562464435,['Fillo'],"[('addr:city', 'Μαρούσι'), ('addr:street', 'Βασιλίσσης Σοφίας'), ('name', 'Fillo'), ('shop', 'florist')]",POINT (23.8077996 38.0543204),0.852,100,63,19.338782981084567,True
654,ΦΑΡΜΑΚΕΙΟ ΦΙΛΙΠΠΟΥ ΕΛΕΝΗ Ν.,Περίθαλψη|Φαρμακεία|_,POINT (23.8037407167518325 38.0544205969783249),6132143196,[],"[('addr:city', 'Μαρούσι'), ('addr:housenumber', '4'), ('addr:street', 'Πλαταιών'), ('amenity', 'pharmacy'), ('dispensing', 'yes'), ('healthcare', 'pharmacy')]",POINT (23.8046394 38.05444339999999),0.89,0,89,100.09288791022782,True
657,SHELL,Αυτοκίνηση|Πρατήρια βενζίνης|_,POINT (23.8117620674425119 38.0545082104395718),226213686,['Shell'],"[('addr:city', 'Μαρούσι'), ('addr:postcode', '15124'), ('addr:street', 'Λεωφόρος Κηφισίας'), ('amenity', 'fuel'), ('building', 'roof'), ('name', 'Shell'), ('phone', '+30 21 08020709')]",POINT (23.8118927 38.05453309999999),0.7559999999999999,100,39,14.961597371708862,True
658,ΠΕΡΙΠΤΕΡΟ,Αγαθά - υπηρεσίες|Περίπτερα|_,POINT (23.8073275833042182 38.0545016336760611),1264607255,[],"[('shop', 'kiosk')]",POINT (23.8072389 38.0544148),0.89,0,89,15.752948805739205,True
664,DOMINO'S PIZZA,Φαγητό και ποτό|Εστιατόρια|Πιτσαρίες,POINT (23.8118170407768730 38.0546094134940702),378927139,['Domino’s Pizza'],"[('addr:city', 'Μαρούσι'), ('addr:housenumber', '158'), ('addr:postcode', '15124'), ('addr:street', 'Λεωφόρος Κηφισίας'), ('amenity', 'restaurant'), ('building', 'yes'), ('cuisine', 'pizza'), ('name', 'Domino’s Pizza'), ('phone', '2106962800'), ('wheelchair', 'no')]",POINT (23.81192739999999 38.05470560000001),0.96,100,90,18.325718065679823,True
667,ΠΕΡΙΠΤΕΡΟ,Αγαθά - υπηρεσίες|Περίπτερα|_,POINT (23.8076922527435748 38.0546231901107106),1264607261,[],"[('shop', 'kiosk')]",POINT (23.8075554 38.05444009999999),0.89,0,89,30.03422747741849,True
673,ΦΑΡΜΑΚΕΙΟ ΛΙΟΛΙΟΥ - ΚΑΤΣΑΡΗ ΜΑΛΒΙΝΑ,Περίθαλψη|Φαρμακεία|_,POINT (23.8072608068391602 38.0546780724315994),4627069119,[],"[('addr:city', 'Μαρούσι'), ('addr:housenumber', '39'), ('addr:street', 'Βασιλίσσης Σοφίας'), ('amenity', 'pharmacy')]",POINT (23.8072871 38.05474979999998),0.89,0,89,10.554243593529376,True
674,ΦΑΡΜΑΚΕΙΟ ΔΡΟΣΟΥ ΑΙΚΑΤΕΡΙΝΗ,Περίθαλψη|Φαρμακεία|_,POINT (23.8048129124403260 38.0546939418733245),6132143196,[],"[('addr:city', 'Μαρούσι'), ('addr:housenumber', '4'), ('addr:street', 'Πλαταιών'), ('amenity', 'pharmacy'), ('dispensing', 'yes'), ('healthcare', 'pharmacy')]",POINT (23.8046394 38.05444339999999),0.89,0,89,40.343834146910254,True
683,ΦΑΡΜΑΚΕΙΟ,Περίθαλψη|Φαρμακεία|_,POINT (23.8160894787358401 38.0548195388765862),6193736043,[],"[('addr:street', 'Πεντέλης'), ('amenity', 'pharmacy')]",POINT (23.8162042 38.05279689999998),0.89,0,89,286.2260074500861,True
693,JUNE 1ST 1935,Διασκέδαση|Μπαρ|_,POINT (23.8039669208115541 38.0548767919152624),5631345340,['1st June 1935'],"[('addr:city', 'Μαρούσι'), ('addr:housenumber', '9'), ('addr:street', 'Θέμιδος'), ('amenity', 'cafe'), ('name', '1st June 1935')]",POINT (23.8040028 38.05486059999998),0.728,100,32,4.603518709141266,True
696,ΠΕΡΙΠΤΕΡΟ,Αγαθά - υπηρεσίες|Περίπτερα|_,POINT (23.8075302537094586 38.0549658297911506),1264607253,[],"[('shop', 'kiosk')]",POINT (23.807947 38.05474429999999),0.89,0,89,55.9736012976654,True
701,ΦΑΡΜΑΚΕΙΟ ΧΑΤΗΡΑΣ ΓΕΩΡΓΙΟΣ,Περίθαλψη|Φαρμακεία|_,POINT (23.8155513241564449 38.0550627107836235),6193736043,[],"[('addr:street', 'Πεντέλης'), ('amenity', 'pharmacy')]",POINT (23.8162042 38.05279689999998),0.89,0,89,328.46031616783864,True
705,ΦΑΡΜΑΚΕΙΟ ΑΜΠΑΤΖΟΓΛΟΥ ΘΕΟΔ.,Περίθαλψη|Φαρμακεία|_,POINT (23.8074481137252967 38.0551147671922649),4627069119,[],"[('addr:city', 'Μαρούσι'), ('addr:housenumber', '39'), ('addr:street', 'Βασιλίσσης Σοφίας'), ('amenity', 'pharmacy')]",POINT (23.8072871 38.05474979999998),0.89,0,89,54.620933026893795,True
707,ΦΑΡΜΑΚΕΙΟ ΘΕΟΦΥΛΑΚΤΟΥ ΑΘΗΝΑ,Περίθαλψη|Φαρμακεία|_,POINT (23.8254844102544041 38.0551847773360166),6214155941,[],"[('addr:street', 'Μενάνδρου'), ('amenity', 'pharmacy')]",POINT (23.8283344 38.05713400000001),0.89,0,89,420.22955642627113,True
716,ΦΑΡΜΑΚΕΙΟ ΠΑΠΑΪΩΑΝΝΟΥ ΒΑΣΙΛΙΚΗ,Περίθαλψη|Φαρμακεία|_,POINT (23.8018034642483158 38.0553755922085415),6116337660,[],"[('addr:street', 'Κίμωνος'), ('amenity', 'pharmacy')]",POINT (23.8018048 38.05514449999999),0.89,0,89,32.67055002501542,True
735,ΓΕΡΜΑΝΟΣ,Αγαθά - υπηρεσίες|Καταστήματα|Υπολογιστές - Ηλεκτρονικά,POINT (23.8049383391880305 38.0555859091953081),4681419857,['Γερμανός'],"[('addr:city', 'Μαρούσι'), ('addr:street', 'Παναθηναίων'), ('name', 'Γερμανός'), ('shop', 'mobile_phone')]",POINT (23.8052501 38.05592889999998),0.76,88,58,59.62985602058198,True
742,ΠΕΡΙΠΤΕΡΟ,Αγαθά - υπηρεσίες|Περίπτερα|_,POINT (23.8045317833579091 38.0557855748542337),1264607252,[],"[('shop', 'kiosk')]",POINT (23.80426080000001 38.05582279999999),0.89,0,89,30.621347861731486,True
743,ΠΕΡΙΠΤΕΡΟ,Αγαθά - υπηρεσίες|Περίπτερα|_,POINT (23.8039847792001567 38.0558159635535276),1264607252,[],"[('shop', 'kiosk')]",POINT (23.80426080000001 38.05582279999999),0.89,0,89,30.741691624853665,True
750,EVEREST,Φαγητό και ποτό|Γρήγορο φαγητό|Αλυσίδες Fast Food,POINT (23.8053499839614986 38.0560199743932301),4426228529,['Everest'],"[('addr:city', 'Μαρούσι'), ('addr:street', 'Ερμού'), ('amenity', 'fast_food'), ('name', 'Everest')]",POINT (23.8053202 38.05600429999998),0.736,100,34,3.987888199682581,True
751,ΠΕΡΙΠΤΕΡΟ,Αγαθά - υπηρεσίες|Περίπτερα|_,POINT (23.8050180100087836 38.0560286875571592),1264607265,[],"[('shop', 'kiosk')]",POINT (23.8046885 38.05628379999999),0.89,0,89,51.44198170636505,True
752,ΦΑΡΜΑΚΕΙΟ ΠΑΠΑΓΙΑΝΝΑΚΟΣ ΚΟΜΝΑΣ,Περίθαλψη|Φαρμακεία|_,POINT (23.8276723429490929 38.0560895584662759),6214155941,[],"[('addr:street', 'Μενάνδρου'), ('amenity', 'pharmacy')]",POINT (23.8283344 38.05713400000001),0.89,0,89,165.02950025536546,True
753,ΠΕΡΙΠΤΕΡΟ,Αγαθά - υπηρεσίες|Περίπτερα|_,POINT (23.8049268421511933 38.0560894652420743),1264607265,[],"[('shop', 'kiosk')]",POINT (23.8046885 38.05628379999999),0.89,0,89,38.19393906595714,True
754,ΠΕΡΙΠΤΕΡΟ,Αγαθά - υπηρεσίες|Περίπτερα|_,POINT (23.8081480887836250 38.0561046606033742),7244492624,[],"[('shop', 'kiosk')]",POINT (23.8081551 38.0561391),0.89,0,89,4.931019694193346,True
755,ΠΕΡΙΠΤΕΡΟ,Αγαθά - υπηρεσίες|Περίπτερα|_,POINT (23.8043190602990435 38.0561198546651838),1264607271,[],"[('shop', 'kiosk')]",POINT (23.80448699999999 38.05618999999999),0.89,0,89,21.16232880861064,True
757,EKO,Αυτοκίνηση|Πρατήρια βενζίνης|_,POINT (23.8121999840031791 38.0561499744798724),442744448,['EKO'],"[('addr:street', 'Κηφισίας'), ('amenity', 'fuel'), ('brand', 'Eko'), ('building', 'roof'), ('name', 'EKO')]",POINT (23.8121748 38.0561079),0.7559999999999999,100,39,6.5758150279416965,True
765,ELIN GAS,Αυτοκίνηση|Πρατήρια υγραερίου|_,POINT (23.8111099834461868 38.0563199743122809),383319633,['Ελίν'],"[('addr:city', 'Μαρούσι'), ('addr:housenumber', '205'), ('addr:postcode', '15124'), ('addr:street', 'Λεωφόρος Κηφισίας'), ('amenity', 'fuel'), ('building', 'yes'), ('name', 'Ελίν')]",POINT (23.8110963 38.05638179999999),0.78,100,45,8.872351558297186,True
778,ΠΕΡΙΠΤΕΡΟ,Αγαθά - υπηρεσίες|Περίπτερα|_,POINT (23.8042246151499270 38.0565103796257205),1264607271,[],"[('shop', 'kiosk')]",POINT (23.80448699999999 38.05618999999999),0.89,0,89,53.89490196682393,True
779,ΠΕΡΙΠΤΕΡΟ,Αγαθά - υπηρεσίες|Περίπτερα|_,POINT (23.8042246151499270 38.0565103796257205),1264607271,[],"[('shop', 'kiosk')]",POINT (23.80448699999999 38.05618999999999),0.89,0,89,53.89490196682393,True
780,ΠΕΡΙΠΤΕΡΟ,Αγαθά - υπηρεσίες|Περίπτερα|_,POINT (23.8049741979963514 38.0565165564435546),1264607265,[],"[('shop', 'kiosk')]",POINT (23.8046885 38.05628379999999),0.89,0,89,45.76334609281021,True
781,ΠΟΔΗΛΑΤΑ PIRANHA BIKESHOP,Αγαθά - υπηρεσίες|Καταστήματα|_,POINT (23.8062262056008613 38.0565385369208116),7204802626,['Piranha'],"[('addr:city', 'Μαρούσι'), ('addr:housenumber', '5'), ('addr:street', 'Διονύσου'), ('email', 'info@piranhabikes.gr'), ('facebook', 'https://el-gr.facebook.com/piranha.bikes/?ref=page_internal'), ('name', 'Piranha'), ('phone', '2108051125'), ('shop', 'bicycle'), ('website', 'https://www.piranhabikes.gr/')]",POINT (23.8062167 38.05656289999999),0.8320000000000001,100,58,3.603221220603879,True
814,ΔΩΔΩΝΗ,Διασκέδαση|Καφετέριες|_,POINT (23.8050991949841126 38.0572960758878409),6989360500,[],"[('addr:city', 'Μαρούσι'), ('amenity', 'cafe')]",POINT (23.8047546 38.05650359999999),0.84,0,84,118.42231683831776,True
815,ΔΙΑΝΑ,Πολιτισμός|Κινηματογράφοι|_,POINT (23.8033378010602732 38.0573032375972460),2600156597,['ΔΙΑΝΑ'],"[('addr:city', 'Μαρούσι'), ('addr:country', 'GR'), ('addr:housenumber', '14'), ('addr:street', 'Περικλέους'), ('amenity', 'cinema'), ('name', 'ΔΙΑΝΑ'), ('toilets:wheelchair', 'no'), ('wheelchair', 'limited')]",POINT (23.8033857 38.05731109999999),0.972,100,93,5.446715424694871,True
822,PARKING,Αυτοκίνηση|Χώροι στάθμευσης|_,POINT (23.8086649679821498 38.0574457366330776),721101246,[],"[('amenity', 'parking'), ('parking', 'surface')]",POINT (23.8088741 38.05718879999999),0.94,0,94,43.14488832400567,True
823,ΑΥΘΑΙΡΕΤΟ (ΤΟ),Φαγητό και ποτό|Ταβέρνες|_,POINT (23.8251842315752356 38.0575074958184558),3695569218,['Το Αυθαίρετο'],"[('amenity', 'restaurant'), ('cuisine', 'greek'), ('delivery', 'no'), ('name', 'Το Αυθαίρετο'), ('opening_hours', 'Mo-Fr 21:00-24:00, Sa-Su 12:00-24:00'), ('takeaway', 'no')]",POINT (23.8252473 38.05730949999997),0.7120000000000001,92,40,28.85911075317598,True
825,ΦΑΡΜΑΚΕΙΟ ΠΑΠΑΝΙΚΟΛΑΟΥ ΑΔΑΜΑΝΤΙΑ,Περίθαλψη|Φαρμακεία|_,POINT (23.8050675834553722 38.0575529184953112),761371821,['Παπανικολάου Αδαμαντία'],"[('amenity', 'pharmacy'), ('name', 'Παπανικολάου Αδαμαντία')]",POINT (23.8050464 38.0576116),0.8,74,89,8.624876576399432,True
843,ΠΕΡΙΠΤΕΡΟ,Αγαθά - υπηρεσίες|Περίπτερα|_,POINT (23.8085047321101513 38.0592099689993191),4104536932,[],"[('shop', 'kiosk')]",POINT (23.8084058 38.0583599),0.89,0,89,120.68618300973793,True
845,ΜΑΡΟΥΣΙ ALPHA ODEON,Πολιτισμός|Κινηματογράφοι|_,POINT (23.8078222760566334 38.0592430713101493),5118979221,['Odeon'],"[('addr:city', 'Μαρούσι'), ('addr:housenumber', '215'), ('addr:street', 'Κηφισίας'), ('amenity', 'cinema'), ('name', 'Odeon')]",POINT (23.8079748 38.05929389999999),0.972,100,93,18.43703093171591,True
847,PIZZA ROMA,Φαγητό και ποτό|Εστιατόρια|Πιτσαρίες,POINT (23.7984544130139177 38.0592649729432466),4696906863,['Roma Pizza'],"[('addr:city', 'Μαρούσι'), ('addr:housenumber', '42'), ('addr:street', 'Περικλέους'), ('amenity', 'restaurant'), ('cuisine', 'pizza'), ('name', 'Roma Pizza')]",POINT (23.7983368 38.0595035),0.96,100,90,36.175556463759676,True
856,ΕΛΤΑ ΠΕΥΚΗΣ,Διάφορα|Ταχυδρομεία|_,POINT (23.7979071356596528 38.0603199291845016),2139024046,[],"[('amenity', 'post_office')]",POINT (23.7976686 38.0602566),0.91,0,91,28.022584457146568,True
859,PARKING,Αυτοκίνηση|Χώροι στάθμευσης|_,POINT (23.8078021834819218 38.0605888114889623),223300193,[],"[('amenity', 'parking'), ('parking', 'surface')]",POINT (23.8083173 38.06071989999999),0.94,0,94,60.26328192341806,True
868,ΑΜΑΛΙΕΙΟ ΠΑΡΚΟ,Αθλητισμός και αναψυχή|Δημόσιοι χώροι|Πάρκα,POINT (23.8079402285785520 38.0616940514139728),223300197,[],"[('leisure', 'park')]",POINT (23.8079928 38.06204719999999),0.8,0,80,50.27199888741197,True
873,AVIN,Αυτοκίνηση|Πρατήρια βενζίνης|_,POINT (23.8091799838450910 38.0639799741052798),383327655,['AVIN'],"[('addr:city', 'Μαρούσι'), ('addr:housenumber', '221-223'), ('addr:postcode', '15124'), ('addr:street', 'Λεωφόρος Κηφισίας'), ('amenity', 'fuel'), ('building', 'yes'), ('contact:phone', '2106148024'), ('name', 'AVIN')]",POINT (23.8091351 38.0638487),0.78,100,45,19.22156035630497,True
876,PARKING,Αυτοκίνηση|Χώροι στάθμευσης|_,POINT (23.8082742521874593 38.0643224455508360),459834710,[],"[('amenity', 'parking')]",POINT (23.8088591 38.06369289999998),0.94,0,94,110.28004538083643,True